City_ID,City,Country,Date,Lat,Lng,Max Temp,Humidity,Cloudiness,Wind Speed
0,Kaitangata,NZ,2020-10-25 03:48:15,-46.28,169.85,59.0,74,100,23.0
1,Rikitea,PF,2020-10-25 03:48:15,-23.12,-134.97,75.0,83,98,20.54
2,San Cristobal,VE,2020-10-25 03:45:41,7.77,-72.22,66.51,81,26,1.28
3,Teahupoo,PF,2020-10-25 03:48:15,-17.83,-149.27,80.01,83,75,13.87
4,Upernavik,GL,2020-10-25 03:48:15,72.79,-56.15,20.41,91,74,7.61
5,Langxiang,CN,2020-10-25 03:48:15,46.95,128.88,46.02,55,0,5.3
6,Vaini,TO,2020-10-25 03:48:15,-21.2,-175.2,75.2,88,75,10.29
7,Humberto De Campos,BR,2020-10-25 03:48:16,-2.6,-43.46,79.93,79,85,6.26
8,Iqaluit,CA,2020-10-25 03:48:16,63.75,-68.51,19.4,79,75,4.7
9,Geraldton,AU,2020-10-25 03:48:16,-28.77,114.6,96.8,13,0,16.11
10,Corvallis,US,2020-10-25 03:46:40,44.56,-123.26,48.2,66,75,11.41
11,Labuhan,ID,2020-10-25 03:48:16,-6.88,112.21,89.38,58,80,2.28
12,Kingston,JM,2020-10-25 03:43:52,18.0,-76.79,80.6,88,75,13.87
13,Nantucket,US,2020-10-25 03:48:16,41.28,-70.1,55.99,82,90,21.92
14,Davila,PH,2020-10-25 03:48:16,18.47,120.58,78.8,94,90,3.36
15,Hasaki,JP,2020-10-25 03:43:17,35.73,140.83,72.0,39,20,6.93
16,Castro,BR,2020-10-25 03:48:17,-24.79,-50.01,60.39,94,68,3.8
17,Chengde,CN,2020-10-25 03:48:17,40.97,117.94,61.34,29,54,1.92
18,Nsanje,MW,2020-10-25 03:48:17,-16.92,35.26,70.65,79,0,3.98
19,Changji,CN,2020-10-25 03:48:17,44.02,87.32,44.6,75,0,4.47
20,Hermanus,ZA,2020-10-25 03:48:17,-34.42,19.23,60.01,87,50,8.68
21,Port Elizabeth,ZA,2020-10-25 03:48:17,-33.92,25.57,59.0,93,0,4.7
22,Panzhihua,CN,2020-10-25 03:47:14,26.59,101.71,69.19,59,97,1.28
23,Hilo,US,2020-10-25 03:46:48,19.73,-155.09,82.4,69,90,10.29
24,Barcelos,PT,2020-10-25 03:48:17,41.54,-8.62,60.8,100,90,25.28
25,Busselton,AU,2020-10-25 03:44:26,-33.65,115.33,84.99,25,79,6.17
26,Mataura,NZ,2020-10-25 03:48:18,-46.19,168.86,55.99,91,93,8.01
27,Dingle,PH,2020-10-25 03:48:18,11.0,122.67,79.52,87,100,2.82
28,Cam Ranh,VN,2020-10-25 03:48:18,11.92,109.16,82.4,83,75,3.36
29,Severo-Kurilsk,RU,2020-10-25 03:44:44,50.68,156.12,48.02,81,84,8.79
30,Northport,US,2020-10-25 03:48:18,33.23,-87.58,62.6,93,90,4.7
31,Ilulissat,GL,2020-10-25 03:43:25,69.22,-51.1,17.6,61,3,5.82
32,Krasnoselkup,RU,2020-10-25 03:47:17,65.7,82.47,8.71,95,82,9.26
33,Kapaa,US,2020-10-25 03:48:19,22.08,-159.32,82.4,69,20,10.29
34,Khatanga,RU,2020-10-25 03:48:19,71.97,102.5,7.63,95,100,13.85
35,Tuktoyaktuk,CA,2020-10-25 03:48:19,69.45,-133.04,24.8,85,75,23.04
36,Naze,JP,2020-10-25 03:48:19,28.37,129.48,77.0,50,40,12.75
37,Mbinga,TZ,2020-10-25 03:48:19,-10.93,35.02,63.28,77,12,4.16
38,Kalabo,ZM,2020-10-25 03:48:19,-14.97,22.68,66.04,29,66,4.21
39,Bredasdorp,ZA,2020-10-25 03:48:19,-34.53,20.04,60.01,87,35,4.85
40,Hobart,AU,2020-10-25 03:48:14,-42.88,147.33,60.01,48,75,17.22
41,Estacion Coahuila,MX,2020-10-25 03:48:20,32.19,-115.0,82.4,47,90,9.4
42,Tuatapere,NZ,2020-10-25 03:48:20,-46.13,167.68,55.99,91,100,8.01
43,Darnah,LY,2020-10-25 03:48:20,32.77,22.64,68.83,76,0,13.58
44,Port Alfred,ZA,2020-10-25 03:48:20,-33.59,26.89,65.79,89,1,9.08
45,Pitsunda,GE,2020-10-25 03:48:20,43.16,40.34,50.0,66,97,11.18
46,Punta Arenas,CL,2020-10-25 03:46:36,-53.15,-70.92,41.0,100,90,9.17
47,Bluff,NZ,2020-10-25 03:48:20,-46.6,168.33,55.99,91,96,8.01
48,Sao Felix Do Xingu,BR,2020-10-25 03:48:21,-6.64,-51.99,71.65,94,97,2.08
49,Leningradskiy,RU,2020-10-25 03:44:32,69.38,178.42,23.09,91,0,9.73
50,Barrow,US,2020-10-25 03:48:21,71.29,-156.79,30.2,86,90,17.22
51,Nerchinskiy Zavod,RU,2020-10-25 03:48:21,51.31,119.61,42.3,60,30,3.8
52,Longyearbyen,SJ,2020-10-25 03:48:21,78.22,15.64,21.2,79,75,3.36
53,Clyde River,CA,2020-10-25 03:48:21,70.47,-68.59,19.4,79,90,11.41
54,Souillac,MU,2020-10-25 03:43:26,-20.52,57.52,71.6,83,75,11.41
55,Kumta,IN,2020-10-25 03:48:21,14.42,74.4,82.04,68,16,5.14
56,Namibe,AO,2020-10-25 03:48:22,-15.2,12.15,67.42,82,77,4.54
57,Yumen,CN,2020-10-25 03:48:22,40.28,97.2,47.17,50,47,6.8
58,Arraial Do Cabo,BR,2020-10-25 03:48:22,-22.97,-42.03,69.82,93,100,22.21
59,Vao,NC,2020-10-25 03:48:22,-22.67,167.48,73.63,80,70,16.96
60,East London,ZA,2020-10-25 03:48:22,-33.02,27.91,66.2,93,90,3.36
61,Ulaanbaatar,MN,2020-10-25 03:48:22,47.91,106.88,39.2,38,0,2.24
62,Alofi,NU,2020-10-25 03:48:22,-19.06,-169.92,77.0,83,95,19.46
63,Hanzhong,CN,2020-10-25 03:43:30,33.07,107.03,68.59,50,0,2.13
64,Worthington,US,2020-10-25 03:48:22,40.09,-83.02,44.01,75,1,6.93
65,Tiksi,RU,2020-10-25 03:48:23,71.69,128.87,9.95,90,100,27.94
66,Makakilo City,US,2020-10-25 03:48:23,21.35,-158.09,82.4,69,1,4.7
67,Victoria,HK,2020-10-25 03:46:45,22.29,114.16,78.01,58,72,3.0
68,Sobradinho,BR,2020-10-25 03:48:23,-12.83,-39.1,69.01,97,24,1.32
69,Yellowknife,CA,2020-10-25 03:48:23,62.46,-114.35,23.0,67,75,2.21
70,Noumea,NC,2020-10-25 03:48:23,-22.28,166.46,91.4,43,40,11.41
71,Tapes,BR,2020-10-25 03:48:23,-30.67,-51.4,66.33,95,30,7.05
72,Jawhar,SO,2020-10-25 03:45:50,2.78,45.5,79.59,79,92,10.13
73,Thunder Bay,CA,2020-10-25 03:45:15,48.4,-89.32,27.0,79,5,4.7
74,Cape Town,ZA,2020-10-25 03:48:24,-33.93,18.42,60.01,82,40,2.24
75,Omsukchan,RU,2020-10-25 03:48:24,62.53,155.8,33.31,90,99,1.36
76,Srednekolymsk,RU,2020-10-25 03:46:29,67.45,153.68,17.85,96,8,4.7
77,Albany,US,2020-10-25 03:48:24,42.6,-73.97,45.0,67,70,5.99
78,Chuy,UY,2020-10-25 03:48:24,-33.7,-53.46,62.1,98,9,6.31
79,Vung Tau,VN,2020-10-25 03:48:24,10.35,107.08,81.77,76,15,3.02
80,Jamestown,US,2020-10-25 03:48:24,42.1,-79.24,41.0,86,90,5.26
81,New Norfolk,AU,2020-10-25 03:48:24,-42.78,147.06,60.01,46,63,1.99
82,Vardo,NO,2020-10-25 03:48:25,70.37,31.11,39.11,74,99,17.98
83,Bethel,US,2020-10-25 03:48:25,41.37,-73.41,45.0,78,64,1.99
84,Chernyshevskiy,RU,2020-10-25 03:48:25,63.01,112.47,26.11,94,97,4.56
85,Batagay-Alyta,RU,2020-10-25 03:48:25,67.8,130.41,14.04,88,100,4.36
86,Avarua,CK,2020-10-25 03:44:32,-21.21,-159.78,75.2,73,47,11.41
87,Nipawin,CA,2020-10-25 03:45:03,53.37,-104.0,23.0,62,90,12.75
88,Rawson,AR,2020-10-25 03:47:24,-43.3,-65.1,58.59,57,77,6.85
89,Esperance,AU,2020-10-25 03:48:26,-33.87,121.9,68.0,45,40,14.99
90,Whangamata,NZ,2020-10-25 03:48:26,-37.2,175.87,69.01,73,42,5.99
91,Meulaboh,ID,2020-10-25 03:48:26,4.14,96.13,75.79,90,100,5.1
92,Aklavik,CA,2020-10-25 03:43:39,68.22,-135.01,24.8,73,75,4.7
93,Port-Gentil,GA,2020-10-25 03:48:26,-0.72,8.78,78.22,84,100,13.09
94,Kedrovyy,RU,2020-10-25 03:48:26,56.17,91.82,28.4,74,40,8.95
95,Alangayam,IN,2020-10-25 03:48:26,12.6,78.75,78.62,74,96,0.69
96,Lixourion,GR,2020-10-25 03:48:26,38.2,20.43,64.76,81,99,2.26
97,Yen Bai,VN,2020-10-25 03:48:27,21.7,104.87,80.17,47,14,2.55
98,Mitsamiouli,KM,2020-10-25 03:48:27,-11.38,43.28,79.21,74,1,16.31
99,Tekkali,IN,2020-10-25 03:48:27,18.62,84.23,83.52,57,64,3.04
100,Jieznas,LT,2020-10-25 03:48:27,54.6,24.17,50.0,87,90,4.7
101,Leavenworth,US,2020-10-25 03:48:27,39.23,-95.03,39.99,75,9,3.0
102,Atuona,PF,2020-10-25 03:48:27,-9.8,-139.03,78.67,75,25,21.21
103,Saint-Philippe,RE,2020-10-25 03:48:27,-21.36,55.77,77.0,47,0,5.82
104,Kodiak,US,2020-10-25 03:44:25,57.79,-152.41,44.6,93,90,2.73
105,Carnarvon,AU,2020-10-25 03:48:28,-24.87,113.63,77.0,69,75,17.22
106,Gamba,GA,2020-10-25 03:48:28,-2.65,10.0,76.21,89,100,7.23
107,Berlevag,NO,2020-10-25 03:48:28,70.86,29.09,38.41,76,98,15.46
108,Alta Floresta,BR,2020-10-25 03:48:28,-9.88,-56.09,70.9,95,100,0.74
109,Bengkulu,ID,2020-10-25 03:48:28,-3.8,102.27,84.29,65,99,5.21
110,Paso De Carrasco,UY,2020-10-25 03:48:28,-34.86,-56.05,62.6,100,75,6.93
111,Yei,SS,2020-10-25 03:48:28,4.09,30.68,66.63,93,97,1.1
112,Dombas,NO,2020-10-25 03:48:28,62.07,9.12,39.18,83,100,12.66
113,Yasothon,TH,2020-10-25 03:48:28,15.75,104.13,78.8,61,40,4.7
114,Puro,PH,2020-10-25 03:48:29,12.48,123.38,83.43,79,100,14.99
115,Yinchuan,CN,2020-10-25 03:48:29,38.47,106.27,59.29,35,97,2.93
116,Zihuatanejo,MX,2020-10-25 03:48:29,17.63,-101.55,82.56,83,86,2.66
117,Rio Bueno,CL,2020-10-25 03:48:29,-40.32,-72.97,46.4,87,2,2.24
118,Sergeyevka,KZ,2020-10-25 03:48:29,53.88,67.42,41.9,95,100,13.42
119,Ati,TD,2020-10-25 03:48:29,13.22,18.34,79.2,17,72,13.15
120,Ranong,TH,2020-10-25 03:48:29,9.97,98.63,86.81,55,99,2.42
121,Kumluca,TR,2020-10-25 03:48:29,36.37,30.29,76.48,32,0,7.27
122,Cascais,PT,2020-10-25 03:48:29,38.7,-9.42,62.01,96,87,19.15
123,Westport,US,2020-10-25 03:48:30,41.14,-73.36,50.0,61,1,10.29
124,Thompson,CA,2020-10-25 03:48:30,55.74,-97.86,21.2,92,75,5.82
125,Poum,NC,2020-10-25 03:48:30,-20.23,164.02,77.83,78,46,15.46
126,Chokurdakh,RU,2020-10-25 03:48:30,70.63,147.92,13.3,96,42,8.12
127,Cururupu,BR,2020-10-25 03:48:30,-1.83,-44.87,74.93,92,32,2.91
128,El Tigre,VE,2020-10-25 03:48:30,8.89,-64.25,74.97,87,46,8.16
129,Malumfashi,NG,2020-10-25 03:48:30,11.79,7.62,70.14,31,98,7.29
130,Esperantinopolis,BR,2020-10-25 03:48:30,-4.87,-44.71,74.95,93,66,2.89
131,Faanui,PF,2020-10-25 03:48:31,-16.48,-151.75,79.41,76,97,10.22
132,The Valley,AI,2020-10-25 03:48:31,18.22,-63.06,84.2,70,75,13.87
133,Ushuaia,AR,2020-10-25 03:44:24,-54.8,-68.3,44.6,65,75,9.17
134,Jiamusi,CN,2020-10-25 03:48:31,46.83,130.35,49.24,49,0,12.39
135,Sarkand,KZ,2020-10-25 03:48:31,45.41,79.92,44.19,50,51,1.21
136,Toora-Khem,RU,2020-10-25 03:48:31,52.47,96.11,23.0,78,100,11.18
137,Hithadhoo,MV,2020-10-25 03:48:31,-0.6,73.08,83.32,75,32,9.57
138,Dikson,RU,2020-10-25 03:44:31,73.51,80.55,21.49,92,44,7.96
139,Ancud,CL,2020-10-25 03:48:32,-41.87,-73.82,44.01,93,5,8.05
140,Cliza,BO,2020-10-25 03:48:32,-17.6,-65.93,68.0,42,75,11.41
141,Rocha,UY,2020-10-25 03:48:32,-34.48,-54.33,58.55,97,27,4.0
142,Diffa,NE,2020-10-25 03:48:32,13.32,12.61,78.24,25,80,10.92
143,Saskylakh,RU,2020-10-25 03:48:32,71.92,114.08,11.44,94,100,18.14
144,Arrifes,PT,2020-10-25 03:48:32,37.77,-25.7,62.6,88,40,4.7
145,Luderitz,NA,2020-10-25 03:46:05,-26.65,15.16,62.24,60,54,18.75
146,Kavieng,PG,2020-10-25 03:48:32,-2.57,150.8,84.65,69,30,3.31
147,Port Moresby,PG,2020-10-25 03:48:33,-9.44,147.18,83.01,73,29,8.61
148,Matola,MZ,2020-10-25 03:48:33,-25.96,32.46,66.2,93,20,6.93
149,Saint George,US,2020-10-25 03:48:33,37.1,-113.58,66.2,39,40,8.05
150,Katsuura,JP,2020-10-25 03:48:33,35.13,140.3,71.01,34,20,6.93
151,Drumheller,CA,2020-10-25 03:43:50,51.46,-112.71,14.0,46,11,4.81
152,Kangaatsiaq,GL,2020-10-25 03:48:33,68.31,-53.46,22.41,93,66,12.86
153,Bambous Virieux,MU,2020-10-25 03:44:42,-20.34,57.76,71.6,83,75,11.41
154,Juneau,US,2020-10-25 03:45:00,58.3,-134.42,37.0,73,90,1.86
155,Peniche,PT,2020-10-25 03:48:34,39.36,-9.38,64.0,86,86,13.0
156,Torbay,CA,2020-10-25 03:47:01,47.67,-52.73,51.01,100,90,14.99
157,Cherskiy,RU,2020-10-25 03:48:34,68.75,161.3,15.21,95,29,3.62
158,Ratchaburi,TH,2020-10-25 03:48:34,13.58,99.53,82.67,60,47,6.04
159,Havre-Saint-Pierre,CA,2020-10-25 03:48:34,50.23,-63.6,35.6,80,1,11.41
160,Villazon,BO,2020-10-25 03:48:34,-22.09,-65.59,54.19,60,20,3.85
161,Puerto Ayora,EC,2020-10-25 03:48:34,-0.74,-90.35,69.01,92,99,8.01
162,Yamada,JP,2020-10-25 03:48:35,39.47,141.95,54.1,65,64,13.96
163,Baie-Comeau,CA,2020-10-25 03:48:35,49.22,-68.15,35.6,64,90,6.93
164,Cidreira,BR,2020-10-25 03:48:35,-30.18,-50.21,68.72,92,24,16.31
165,Eureka,US,2020-10-25 03:48:14,40.8,-124.16,52.0,85,7,3.2
166,Marks,RU,2020-10-25 03:48:35,51.71,46.75,48.99,98,100,1.01
167,Kidal,ML,2020-10-25 03:48:35,18.44,1.41,73.87,19,0,9.86
168,Moron,AR,2020-10-25 03:48:35,-34.65,-58.62,66.99,98,0,5.99
169,Bacolod,PH,2020-10-25 03:48:35,10.67,122.95,82.33,78,100,1.95
170,Te Anau,NZ,2020-10-25 03:48:35,-45.42,167.72,57.4,92,100,1.95
171,Husavik,IS,2020-10-25 03:48:36,66.04,-17.34,41.0,80,90,19.46
172,Narsaq,GL,2020-10-25 03:46:39,60.92,-46.05,26.6,68,100,5.53
173,Naujamiestis,LT,2020-10-25 03:48:36,55.69,24.15,48.2,93,90,5.82
174,Phonhong,LA,2020-10-25 03:48:36,18.5,102.42,80.6,69,40,2.24
175,Palmer,US,2020-10-25 03:45:00,42.16,-72.33,48.2,61,40,12.75
176,Arganil,PT,2020-10-25 03:48:36,40.22,-8.05,61.0,82,93,8.99
177,Santa,PH,2020-10-25 03:48:36,17.49,120.43,86.88,69,96,6.31
178,Faya,SA,2020-10-25 03:44:55,18.39,42.45,55.4,25,0,1.32
179,Kruisfontein,ZA,2020-10-25 03:48:37,-34.0,24.73,60.01,92,0,7.76
180,Coaticook,CA,2020-10-25 03:48:37,45.13,-71.8,41.0,64,90,5.82
181,Lebu,CL,2020-10-25 03:48:37,-37.62,-73.65,47.68,80,0,3.51
182,Merrill,US,2020-10-25 03:45:29,45.18,-89.68,28.4,85,1,3.78
183,Barguzin,RU,2020-10-25 03:48:37,53.62,109.62,39.88,68,100,2.95
184,Zhangzhou,CN,2020-10-25 03:48:37,24.51,117.66,77.0,50,0,13.42
185,Yanagawa,JP,2020-10-25 03:48:37,33.17,130.4,73.0,59,20,4.7
186,Erzin,TR,2020-10-25 03:48:38,36.96,36.2,73.99,28,99,11.01
187,Harper,LR,2020-10-25 03:48:38,4.38,-7.72,77.05,88,58,7.25
188,Pringsewu,ID,2020-10-25 03:46:50,-5.36,104.97,80.17,77,100,7.81
189,Vostok,RU,2020-10-25 03:48:38,46.49,135.88,30.92,100,100,5.03
190,Fort Nelson,CA,2020-10-25 03:48:38,58.81,-122.7,17.6,72,40,3.36
191,San Rafael,AR,2020-10-25 03:48:38,-34.62,-68.33,64.22,74,14,7.4
192,Maceio,BR,2020-10-25 03:48:38,-9.67,-35.74,71.6,94,0,4.7
193,Ponta Do Sol,PT,2020-10-25 03:44:26,32.67,-17.1,64.4,72,20,4.7
194,Acarau,BR,2020-10-25 03:48:39,-2.89,-40.12,78.58,84,3,14.65
195,Lagoa,PT,2020-10-25 03:47:20,39.05,-27.98,64.26,71,94,16.71
196,Ambovombe,MG,2020-10-25 03:48:39,-25.17,46.08,74.26,65,14,5.99
197,Chifeng,CN,2020-10-25 03:45:52,42.27,118.96,58.33,31,55,1.57
198,Tasiilaq,GL,2020-10-25 03:48:39,65.61,-37.64,33.8,69,67,4.7
199,Ihosy,MG,2020-10-25 03:48:39,-22.4,46.12,64.99,77,65,8.72
200,Sur,OM,2020-10-25 03:48:40,22.57,59.53,82.54,45,0,19.3
201,Butaritari,KI,2020-10-25 03:48:40,3.07,172.79,81.21,68,92,6.69
202,Stornoway,GB,2020-10-25 03:47:13,58.21,-6.39,48.2,81,97,25.28
203,Tezu,IN,2020-10-25 03:48:40,27.92,96.17,80.62,74,56,2.57
204,San Bernardo,CL,2020-10-25 03:48:40,-33.6,-70.72,59.0,71,64,9.17
205,Port Hueneme,US,2020-10-25 03:48:40,34.15,-119.2,64.0,77,20,8.05
206,Krapivinskiy,RU,2020-10-25 03:48:40,55.0,86.81,23.0,73,75,11.18
207,Opuwo,NA,2020-10-25 03:47:11,-18.06,13.84,65.19,47,3,4.07
208,Kushima,JP,2020-10-25 03:48:40,31.46,131.23,68.0,30,0,5.82
209,Arman,RU,2020-10-25 03:48:41,59.7,150.17,40.78,78,99,3.98
210,Coos Bay,US,2020-10-25 03:47:55,43.37,-124.22,50.0,87,1,10.29
211,Jiblah,YE,2020-10-25 03:48:41,13.92,44.15,61.74,36,0,3.67
212,Codrington,AU,2020-10-25 03:48:41,-38.27,141.97,51.75,67,78,21.85
213,Tagusao,PH,2020-10-25 03:48:41,9.19,117.81,82.99,75,78,6.91
214,Provideniya,RU,2020-10-25 03:48:41,64.38,-173.3,33.04,91,76,10.07
215,Zhuhai,CN,2020-10-25 03:48:41,22.28,113.57,84.99,65,20,10.29
216,Kargasok,RU,2020-10-25 03:48:41,59.06,80.86,23.47,93,97,11.21
217,Owen Sound,CA,2020-10-25 03:46:00,44.57,-80.94,35.01,94,81,1.32
218,Shama,CN,2020-10-25 03:48:42,33.61,104.29,53.06,71,100,3.29
219,San Patricio,US,2020-10-25 03:48:42,28.02,-97.52,70.0,68,20,5.82
220,Buraydah,SA,2020-10-25 03:48:42,26.33,43.98,53.6,46,0,7.72
221,Coihaique,CL,2020-10-25 03:46:01,-45.58,-72.07,44.6,81,90,5.82
222,Jumla,NP,2020-10-25 03:47:06,29.27,82.18,64.15,23,0,2.42
223,Saint-Joseph,RE,2020-10-25 03:48:42,-21.37,55.62,77.0,47,0,5.82
224,Marawi,PH,2020-10-25 03:48:42,8.0,124.29,70.36,91,100,6.96
225,Srivardhan,IN,2020-10-25 03:48:42,18.03,73.02,82.22,76,7,4.61
226,Adrar,MR,2020-10-25 03:48:43,20.5,-10.07,82.63,15,86,3.87
227,Castelo Do Piaui,BR,2020-10-25 03:48:43,-5.32,-41.55,77.52,69,90,2.8
228,Baden-Baden,DE,2020-10-25 03:48:43,48.75,8.25,46.99,93,60,5.82
229,Grand Gaube,MU,2020-10-25 03:48:43,-20.01,57.66,71.01,85,70,7.0
230,Sao Filipe,CV,2020-10-25 03:48:43,14.9,-24.5,81.0,71,100,6.11
231,Papara,BR,2020-10-25 03:48:43,-3.98,-38.73,80.6,78,75,13.87
232,Carutapera,BR,2020-10-25 03:47:10,-1.2,-46.02,76.12,86,39,5.03
233,Pisco,PE,2020-10-25 03:44:20,-13.7,-76.22,62.01,87,0,10.29
234,Ostrovnoy,RU,2020-10-25 03:48:43,68.05,39.51,31.8,98,100,15.35
235,Ribeira Grande,PT,2020-10-25 03:44:21,38.52,-28.7,66.04,74,100,12.01
236,Nikolskoye,RU,2020-10-25 03:48:44,59.7,30.79,39.2,93,90,4.47
237,Tam Ky,VN,2020-10-25 03:48:44,15.57,108.48,75.2,83,75,4.7
238,Arlit,NE,2020-10-25 03:48:44,18.74,7.39,73.62,19,0,9.28
239,Puerto Narino,CO,2020-10-25 03:48:44,-3.77,-70.38,75.2,100,75,2.24
240,Buritizeiro,BR,2020-10-25 03:48:44,-17.35,-44.96,67.84,93,100,2.17
241,Nome,US,2020-10-25 03:45:47,64.5,-165.41,37.4,86,90,6.93
242,Fukue,JP,2020-10-25 03:48:44,32.69,128.84,66.2,63,20,12.75
243,Umm Lajj,SA,2020-10-25 03:48:44,25.02,37.27,82.81,30,0,6.02
244,Korem,ET,2020-10-25 03:48:45,12.51,39.52,54.16,74,64,1.01
245,Providencia,MX,2020-10-25 03:48:45,28.72,-111.58,72.0,84,0,5.46
246,Campbell River,CA,2020-10-25 03:48:45,50.02,-125.24,32.0,92,5,3.36
247,Mehamn,NO,2020-10-25 03:48:45,71.04,27.85,37.26,79,97,12.59
248,Qaanaaq,GL,2020-10-25 03:48:45,77.48,-69.36,18.07,93,100,13.8
249,Broome,US,2020-10-25 03:48:45,42.25,-75.83,37.99,84,1,6.93
250,Verkhnevilyuysk,RU,2020-10-25 03:48:45,63.45,120.32,28.8,94,94,4.41
251,Emba,KZ,2020-10-25 03:48:45,48.83,58.14,46.69,60,75,11.14
252,Paamiut,GL,2020-10-25 03:48:46,61.99,-49.67,29.66,83,100,8.41
253,Tiznit,MA,2020-10-25 03:48:46,29.58,-9.5,62.85,49,93,1.23
254,Port Hardy,CA,2020-10-25 03:48:46,50.7,-127.42,33.8,80,5,8.46
255,Brae,GB,2020-10-25 03:48:46,60.4,-1.35,48.2,81,21,11.41
256,Nadadores,MX,2020-10-25 03:48:46,27.05,-101.6,68.04,64,0,1.41
257,Vila Velha,BR,2020-10-25 03:47:34,-20.33,-40.29,73.99,94,90,8.05
258,College,US,2020-10-25 03:48:46,64.86,-147.8,28.99,85,75,2.68
259,Pinawa,CA,2020-10-25 03:48:47,50.15,-95.88,22.24,96,55,3.74
260,Kieta,PG,2020-10-25 03:48:47,-6.22,155.63,83.62,75,77,7.47
261,Whitehorse,CA,2020-10-25 03:46:54,60.72,-135.05,21.2,62,75,13.87
262,Kokopo,PG,2020-10-25 03:48:47,-4.35,152.26,83.98,73,27,6.02
263,Necochea,AR,2020-10-25 03:48:47,-38.55,-58.74,55.99,91,7,5.99
264,Airai,TL,2020-10-25 03:48:48,-8.93,125.41,81.55,49,66,3.0
265,Georgetown,MY,2020-10-25 03:48:25,5.41,100.34,84.2,74,40,5.82
266,Alice Springs,AU,2020-10-25 03:45:45,-23.7,133.88,71.6,28,2,11.41
267,Port Lincoln,AU,2020-10-25 03:48:48,-34.73,135.87,55.54,55,48,17.63
268,Talnakh,RU,2020-10-25 03:45:26,69.49,88.4,14.0,85,75,8.95
269,Deputatskiy,RU,2020-10-25 03:48:49,69.3,139.9,7.25,90,0,6.46
270,La Ronge,CA,2020-10-25 03:48:49,55.1,-105.28,23.0,62,90,8.05
271,Baykit,RU,2020-10-25 03:48:49,61.67,96.37,28.15,94,99,2.98
272,Hobyo,SO,2020-10-25 03:47:42,5.35,48.53,80.11,75,97,3.51
273,Portland,US,2020-10-25 03:45:25,45.52,-122.68,45.0,55,73,3.0
274,Nieuw Amsterdam,SR,2020-10-25 03:48:50,5.88,-55.08,80.01,91,99,1.99
275,Guerrero Negro,MX,2020-10-25 03:48:50,27.98,-114.06,66.27,85,0,14.05
276,Taltal,CL,2020-10-25 03:44:56,-25.4,-70.48,57.58,73,100,0.45
277,Batagay,RU,2020-10-25 03:48:50,67.63,134.63,15.1,90,44,5.01
278,Megion,RU,2020-10-25 03:48:50,61.03,76.11,23.0,79,0,13.42
279,Derzhavinsk,KZ,2020-10-25 03:48:50,51.1,66.32,45.12,92,100,21.12
280,Lensk,RU,2020-10-25 03:48:51,60.73,114.93,33.17,92,100,4.0
281,Marsh Harbour,BS,2020-10-25 03:48:51,26.54,-77.06,80.73,78,97,11.18
282,Nanortalik,GL,2020-10-25 03:48:51,60.14,-45.24,32.81,88,100,5.23
283,Bhandara,IN,2020-10-25 03:48:51,21.17,79.65,80.6,69,0,2.24
284,Waw,SS,2020-10-25 03:48:51,7.7,28.0,73.36,87,35,2.86
285,Lukiv,UA,2020-10-25 03:48:52,51.05,25.4,45.0,98,45,11.99
286,Nakhon Thai,TH,2020-10-25 03:48:52,17.1,100.84,86.0,94,20,1.12
287,Imbituba,BR,2020-10-25 03:48:52,-28.24,-48.67,69.8,94,40,4.7
288,Bubaque,GW,2020-10-25 03:48:52,11.28,-15.83,82.78,80,0,11.41
289,Madimba,TZ,2020-10-25 03:48:52,-10.4,40.33,78.66,75,44,4.25
290,Roebourne,AU,2020-10-25 03:48:52,-20.78,117.13,86.54,34,0,17.2
291,Luanda,AO,2020-10-25 03:48:24,-8.84,13.23,75.2,88,75,5.82
292,Anadyr,RU,2020-10-25 03:48:52,64.75,177.48,24.8,92,90,2.24
293,Helena,US,2020-10-25 03:48:48,46.59,-112.04,12.2,66,90,10.29
294,Rockhampton,AU,2020-10-25 03:48:53,-23.38,150.5,77.0,69,75,8.05
295,Lompoc,US,2020-10-25 03:48:53,34.64,-120.46,62.6,72,90,4.7
296,Pimentel,PE,2020-10-25 03:48:53,-6.84,-79.93,61.81,87,72,10.67
297,Letlhakane,BW,2020-10-25 03:48:53,-21.42,25.58,72.28,37,22,8.08
298,Walvis Bay,NA,2020-10-25 03:48:53,-22.96,14.51,57.99,93,11,10.29
299,Dubti,ET,2020-10-25 03:48:53,11.74,41.09,83.5,28,100,6.62
300,Akyab,MM,2020-10-25 03:48:54,20.15,92.9,83.17,79,100,7.87
301,Saldanha,ZA,2020-10-25 03:48:54,-33.01,17.94,60.8,77,0,2.24
302,Bua Yai,TH,2020-10-25 03:48:54,15.59,102.43,80.91,53,85,3.27
303,Lorengau,PG,2020-10-25 03:48:54,-2.02,147.27,86.18,61,51,6.87
304,Oulu,FI,2020-10-25 03:47:07,65.01,25.47,30.2,92,0,3.36
305,Cadolzburg,DE,2020-10-25 03:48:54,49.46,10.85,50.0,100,39,9.17
306,Pavlivka,UA,2020-10-25 03:48:55,49.44,28.46,46.78,94,100,5.68
307,Kuytun,RU,2020-10-25 03:48:55,54.34,101.5,30.0,89,100,18.45
308,Whitley Bay,GB,2020-10-25 03:48:55,55.04,-1.45,43.0,81,16,2.24
309,Nexo,DK,2020-10-25 03:48:55,55.06,15.13,55.4,93,69,12.75
310,Mindelo,CV,2020-10-25 03:48:55,16.89,-24.98,78.8,83,75,25.28
311,Alugan,PH,2020-10-25 03:48:55,12.22,125.48,77.05,93,100,18.77
312,Ust-Maya,RU,2020-10-25 03:48:55,60.42,134.53,21.4,94,62,5.12
313,Honiara,SB,2020-10-25 03:48:55,-9.43,159.95,89.6,89,20,10.29
314,Ligayan,PH,2020-10-25 03:48:56,4.65,119.47,83.34,72,100,6.29
315,Monrovia,LR,2020-10-25 03:48:56,6.3,-10.8,77.76,84,65,1.81
316,Ponta Delgada,PT,2020-10-25 03:48:56,37.73,-25.67,62.6,88,40,4.7
317,Bandarbeyla,SO,2020-10-25 03:48:56,9.49,50.81,76.86,70,50,3.65
318,Kyra,RU,2020-10-25 03:48:56,49.58,111.98,40.37,66,94,4.68
319,Port Hawkesbury,CA,2020-10-25 03:48:56,45.62,-61.35,54.0,100,90,10.29
320,Lypnyazhka,UA,2020-10-25 03:48:27,48.45,31.08,50.2,93,99,6.76
321,Tecoanapa,MX,2020-10-25 03:48:57,16.52,-98.75,81.23,87,93,7.63
322,Abu Kamal,SY,2020-10-25 03:48:57,34.45,40.92,66.13,27,18,6.6
323,Nobeoka,JP,2020-10-25 03:48:57,32.58,131.67,64.0,53,0,1.01
324,Gushikawa,JP,2020-10-25 03:48:57,26.35,127.87,77.0,53,75,12.75
325,Beaverlodge,CA,2020-10-25 03:48:58,55.22,-119.44,10.4,66,5,9.17
326,Segezha,RU,2020-10-25 03:48:58,63.74,34.32,32.61,97,97,9.75
327,Port Angeles,US,2020-10-25 03:46:19,48.12,-123.43,42.8,60,75,9.17
328,Vanavara,RU,2020-10-25 03:48:58,60.34,102.28,28.78,94,95,4.59
329,Sitka,US,2020-10-25 03:44:47,57.05,-135.33,37.4,55,75,4.7
330,Beringovskiy,RU,2020-10-25 03:48:58,63.05,179.32,30.92,96,98,12.73
331,Dondaicha,IN,2020-10-25 03:48:58,21.33,74.57,84.07,37,0,1.1
332,Lander,US,2020-10-25 03:48:42,42.83,-108.73,12.2,92,90,8.05
333,Ankola,IN,2020-10-25 03:48:59,14.67,74.3,81.73,67,45,5.01
334,Bilibino,RU,2020-10-25 03:44:44,68.05,166.44,19.42,88,13,1.3
335,Wakkanai,JP,2020-10-25 03:48:59,45.41,141.67,48.2,81,75,20.8
336,Felanitx,ES,2020-10-25 03:49:00,39.47,3.15,61.0,87,20,3.36
337,Bathsheba,BB,2020-10-25 03:45:58,13.22,-59.52,82.4,69,20,24.16
338,Muzhi,RU,2020-10-25 03:49:00,65.37,64.67,17.8,97,100,6.62
339,Cantagalo,BR,2020-10-25 03:49:00,-21.98,-42.37,64.98,97,100,1.83
340,Isangel,VU,2020-10-25 03:49:00,-19.55,169.27,82.4,65,75,9.17
341,Mattru,SL,2020-10-25 03:49:00,7.62,-11.83,72.7,96,72,2.01
342,Norrkoping,SE,2020-10-25 03:49:00,58.59,16.18,44.6,100,90,4.7
343,Natal,BR,2020-10-25 03:46:36,-5.79,-35.21,75.2,94,40,3.36
344,Mar Del Plata,AR,2020-10-25 03:49:01,-38.0,-57.56,61.0,100,90,8.05
345,Kyren,RU,2020-10-25 03:49:01,51.68,102.14,35.73,79,100,7.67
346,Ixtapa,MX,2020-10-25 03:48:02,20.7,-105.2,86.0,79,90,0.36
347,Ola,RU,2020-10-25 03:44:22,59.58,151.28,40.15,77,98,15.08
348,Boyolangu,ID,2020-10-25 03:49:01,-8.12,111.89,85.41,66,89,8.32
349,Kysyl-Syr,RU,2020-10-25 03:45:58,63.9,122.76,25.56,92,95,5.39
350,Brest,BY,2020-10-25 03:49:02,52.1,23.7,46.4,100,5,4.47
351,Cap Malheureux,MU,2020-10-25 03:44:30,-19.98,57.61,71.01,85,62,7.0
352,Lavrentiya,RU,2020-10-25 03:49:02,65.58,-171.0,34.27,88,16,9.73
353,Luena,AO,2020-10-25 03:49:03,-11.78,19.92,62.44,88,43,2.82
354,Basudebpur,IN,2020-10-25 03:49:03,21.14,86.74,85.46,60,66,5.37
355,Lagos,NG,2020-10-25 03:45:49,6.58,3.75,77.92,88,92,3.8
356,Abha,SA,2020-10-25 03:49:03,18.22,42.51,55.4,25,0,1.83
357,Havelock,US,2020-10-25 03:49:03,34.88,-76.9,73.0,88,1,4.7
358,Yar-Sale,RU,2020-10-25 03:49:03,66.83,70.83,15.39,96,12,7.2
359,Paka,MY,2020-10-25 03:49:04,4.64,103.44,86.0,79,40,3.36
360,Sao Luiz Gonzaga,BR,2020-10-25 03:49:04,-28.41,-54.96,67.41,85,0,6.29
361,Sungaipenuh,ID,2020-10-25 03:49:04,-2.08,101.38,77.56,64,100,4.5
362,Lafayette,US,2020-10-25 03:49:04,30.23,-92.07,59.0,87,90,11.41
363,Vila Franca Do Campo,PT,2020-10-25 03:45:18,37.72,-25.43,64.4,82,40,5.82
364,Nenagh,IE,2020-10-25 03:49:05,52.86,-8.2,45.0,84,39,8.01
365,Luan,CH,2020-10-25 03:49:05,46.36,6.98,48.99,87,0,6.93
366,Sandur,IN,2020-10-25 03:49:05,15.1,76.55,78.17,71,14,1.03
367,Muros,ES,2020-10-25 03:45:02,42.78,-9.06,57.99,95,100,10.0
368,Terrace,CA,2020-10-25 03:49:05,54.52,-128.6,30.2,50,20,19.46
369,Ossora,RU,2020-10-25 03:49:06,59.24,163.07,41.14,83,100,10.85
370,Broken Hill,AU,2020-10-25 03:49:06,-31.95,141.43,57.2,47,75,19.46
371,Kavaratti,IN,2020-10-25 03:49:06,10.57,72.64,84.2,74,20,4.7
372,Jaltepec,MX,2020-10-25 03:49:06,19.73,-98.63,62.6,48,20,9.17
373,San Juan,AR,2020-10-25 03:45:00,-31.54,-68.54,68.45,63,0,10.56
374,Teya,RU,2020-10-25 03:49:07,60.38,92.63,27.43,95,96,3.89
375,Saint-Augustin,CA,2020-10-25 03:49:07,51.23,-58.65,41.5,71,100,17.58
376,Waitati,NZ,2020-10-25 03:49:07,-45.75,170.57,69.01,54,100,5.01
377,Porto Novo,BJ,2020-10-25 03:49:07,6.5,2.6,80.6,88,20,10.29
378,Salinopolis,BR,2020-10-25 03:49:07,-0.61,-47.36,78.31,86,4,9.31
379,North Bend,US,2020-10-25 03:49:08,43.41,-124.22,50.0,87,1,10.29
380,Vestmannaeyjar,IS,2020-10-25 03:49:08,63.44,-20.27,45.25,69,98,22.32
381,Ronne,DK,2020-10-25 03:49:08,55.1,14.71,55.4,93,76,12.75
382,Korla,CN,2020-10-25 03:49:08,41.76,86.15,54.01,39,0,13.62
383,Praia,CV,2020-10-25 03:49:09,14.92,-23.51,78.8,78,100,18.34
384,Bambanglipuro,ID,2020-10-25 03:49:09,-7.95,110.28,84.2,72,73,10.76
385,Pevek,RU,2020-10-25 03:49:09,69.7,170.31,28.18,91,0,16.98
386,Xai-Xai,MZ,2020-10-25 03:49:09,-25.05,33.64,67.8,92,29,3.51
387,Dubrovytsya,UA,2020-10-25 03:49:09,51.57,26.57,45.64,94,3,5.55
388,Iquitos,PE,2020-10-25 03:49:09,-3.75,-73.25,76.06,82,24,1.32
389,Ilhabela,BR,2020-10-25 03:49:10,-23.78,-45.36,70.72,85,95,1.92
390,Mago,RU,2020-10-25 03:49:10,53.25,140.18,42.87,90,100,12.71
391,Manokwari,ID,2020-10-25 03:49:10,-0.87,134.08,83.98,68,91,2.06
392,Miracema Do Tocantins,BR,2020-10-25 03:49:10,-9.56,-48.4,73.36,91,100,6.6
393,Rezh,RU,2020-10-25 03:49:10,57.37,61.4,38.14,94,100,6.85
394,Olinda,BR,2020-10-25 03:45:01,-8.01,-34.86,78.8,78,75,5.82
395,Margate,GB,2020-10-25 03:49:11,51.38,1.39,51.01,90,100,4.0
396,Gizo,SB,2020-10-25 03:49:11,-8.1,156.84,84.7,73,37,8.59
397,Camacha,PT,2020-10-25 03:49:11,33.08,-16.33,62.6,72,20,6.93
398,Sinnamary,GF,2020-10-25 03:49:11,5.38,-52.95,80.28,81,98,9.37
399,Tymovskoye,RU,2020-10-25 03:49:12,50.85,142.66,47.84,71,76,8.95
400,Basar,IN,2020-10-25 03:49:12,27.98,94.67,75.2,83,75,9.17
401,Purpe,RU,2020-10-25 03:49:12,64.48,76.69,15.44,96,70,10.45
402,Ambulu,ID,2020-10-25 03:49:12,-8.35,113.61,86.09,67,21,7.54
403,Yerbogachen,RU,2020-10-25 03:49:13,61.28,108.01,26.73,93,100,3.04
404,Bom Jesus,BR,2020-10-25 03:49:13,-9.07,-44.36,73.24,79,100,2.51
405,Cabo San Lucas,MX,2020-10-25 03:48:56,22.89,-109.91,82.0,79,0,1.01
406,Garden City,US,2020-10-25 03:49:13,42.33,-83.33,43.0,56,90,8.05
407,Mahebourg,MU,2020-10-25 03:49:13,-20.41,57.7,71.6,83,75,11.41
408,Conde,BR,2020-10-25 03:49:13,-7.26,-34.91,75.2,94,20,3.36
409,Nichinan,JP,2020-10-25 03:49:14,31.6,131.37,68.0,30,0,5.82
410,Zlobin,HR,2020-10-25 03:49:14,45.29,14.65,59.0,87,75,4.7
411,Ust-Kut,RU,2020-10-25 03:49:14,56.79,105.77,34.47,90,100,10.0
412,Gweta,BW,2020-10-25 03:49:14,-20.18,25.23,72.45,35,11,7.99
413,Arica,CL,2020-10-25 03:49:14,-18.48,-70.3,57.92,82,18,0.94
414,Salina Cruz,MX,2020-10-25 03:49:14,16.17,-95.2,80.4,68,11,15.9
415,Katherine,AU,2020-10-25 03:49:15,-14.47,132.27,96.8,39,100,8.05
416,Bull Savanna,JM,2020-10-25 03:46:52,17.89,-77.59,76.75,90,100,10.94
417,Igarka,RU,2020-10-25 03:49:15,67.47,86.58,10.96,95,100,13.85
418,Cockburn Town,TC,2020-10-25 03:49:15,21.46,-71.14,83.32,81,97,21.54
419,Fortuna,US,2020-10-25 03:48:02,40.6,-124.16,50.0,93,90,10.29
420,Deniliquin,AU,2020-10-25 03:49:15,-35.53,144.97,63.28,40,0,12.93
421,Corner Brook,CA,2020-10-25 03:49:15,48.97,-57.95,50.0,93,75,3.36
422,Lashio,MM,2020-10-25 03:49:16,22.93,97.75,79.21,66,76,2.73
423,Klaksvik,FO,2020-10-25 03:44:18,62.23,-6.59,44.6,93,99,17.22
424,Qui Nhon,VN,2020-10-25 03:47:47,13.77,109.23,80.58,79,93,11.27
425,Tyup,KG,2020-10-25 03:49:16,42.73,78.36,41.92,58,91,0.74
426,Ravar,IR,2020-10-25 03:49:16,31.27,56.81,61.25,29,0,2.3
427,San Francisco,US,2020-10-25 03:44:45,37.77,-122.42,60.8,77,1,12.75
428,Urazovo,RU,2020-10-25 03:49:17,50.08,38.04,50.52,89,16,10.58
429,Sioux Lookout,CA,2020-10-25 03:45:16,50.1,-91.92,24.8,79,90,6.93
430,Mahibadhoo,MV,2020-10-25 03:49:17,3.78,72.97,82.2,80,47,12.3
431,Kahului,US,2020-10-25 03:46:16,20.89,-156.47,87.8,55,40,13.87
432,Chapais,CA,2020-10-25 03:45:59,49.78,-74.85,24.8,85,90,6.93
433,Venice,US,2020-10-25 03:44:47,27.1,-82.45,79.0,83,40,10.29
434,Alcudia,ES,2020-10-25 03:49:18,39.85,3.12,61.0,87,20,3.36
435,Cofradia,HN,2020-10-25 03:49:18,15.4,-88.15,80.01,91,99,2.26
436,Araouane,ML,2020-10-25 03:49:18,18.9,-3.53,84.31,14,0,9.82
437,Nidau,CH,2020-10-25 03:49:18,47.13,7.24,46.4,93,90,1.12
438,Shimoda,JP,2020-10-25 03:49:18,34.67,138.95,66.2,52,40,9.17
439,Nemuro,JP,2020-10-25 03:49:18,43.32,145.57,55.4,47,75,16.11
440,Karuzi,BI,2020-10-25 03:49:19,-3.12,30.13,61.7,88,100,1.66
441,San Quintin,MX,2020-10-25 03:46:16,30.48,-115.95,64.33,83,100,8.68
442,Milove,UA,2020-10-25 03:49:19,49.38,40.13,50.27,86,82,10.13
443,Ambon,ID,2020-10-25 03:49:19,-3.7,128.18,89.6,66,20,8.05
444,Cookeville,US,2020-10-25 03:49:06,36.16,-85.5,55.4,93,90,3.36
445,Griffith,US,2020-10-25 03:49:20,41.53,-87.42,44.6,70,75,6.93
446,Saint Anthony,US,2020-10-25 03:49:20,45.02,-93.22,30.2,58,1,4.7
447,Salalah,OM,2020-10-25 03:44:59,17.02,54.09,69.8,46,0,3.36
448,Udachnyy,RU,2020-10-25 03:49:20,66.42,112.4,8.6,78,0,8.95
449,Belmonte,BR,2020-10-25 03:49:20,-15.86,-38.88,75.2,83,75,4.7
450,Tautira,PF,2020-10-25 03:49:21,-17.73,-149.15,80.01,83,75,13.87
451,Soyo,AO,2020-10-25 03:49:21,-6.13,12.37,76.66,83,100,6.53
452,Mancio Lima,BR,2020-10-25 03:49:21,-7.61,-72.9,76.3,72,3,2.15
453,Havoysund,NO,2020-10-25 03:49:21,71.0,24.66,35.6,93,97,18.34
454,La Libertad,EC,2020-10-25 03:49:22,-2.23,-80.9,69.01,82,100,8.3
455,Warri,NG,2020-10-25 03:49:22,5.52,5.75,76.57,91,100,0.36
456,Sao Fidelis,BR,2020-10-25 03:49:22,-21.65,-41.75,70.65,92,100,2.06
457,Kaduna,NG,2020-10-25 03:49:22,10.52,7.44,69.67,38,80,5.08
458,Narnaul,IN,2020-10-25 03:49:22,28.04,76.11,84.61,15,0,6.38
459,Tura,IN,2020-10-25 03:49:22,25.52,90.22,78.08,84,37,4.68
460,Christchurch,NZ,2020-10-25 03:46:47,-43.53,172.63,82.4,30,86,19.46
461,Ler,SS,2020-10-25 03:49:23,8.3,30.14,74.44,83,63,1.86
462,Matara,LK,2020-10-25 03:49:23,5.95,80.54,85.73,64,79,8.59
463,Bilma,NE,2020-10-25 03:49:23,18.69,12.92,69.17,25,0,15.39
464,Nyaunglebin,MM,2020-10-25 03:49:24,17.95,96.73,85.1,73,92,1.97
465,Henties Bay,NA,2020-10-25 03:49:24,-22.12,14.28,57.99,92,0,3.96
466,Kitgum,UG,2020-10-25 03:49:24,3.28,32.89,67.48,89,20,1.88
467,Kifri,IQ,2020-10-25 03:49:24,34.7,44.97,69.58,21,0,4.85
468,Nevelsk,RU,2020-10-25 03:49:24,46.67,141.86,46.4,75,40,11.18
469,Komsomolskiy,UZ,2020-10-25 03:49:25,40.43,71.72,42.8,60,56,4.7
470,Kodinsk,RU,2020-10-25 03:49:25,58.69,99.18,31.57,93,100,8.3
471,Noyabrsk,RU,2020-10-25 03:49:25,63.2,75.45,18.1,96,81,14.43
472,Zheleznodorozhnyy,RU,2020-10-25 03:49:25,55.75,38.0,44.6,87,75,8.95
473,Darab,IR,2020-10-25 03:49:25,28.75,54.54,64.92,26,0,7.81
474,Twin Falls,US,2020-10-25 03:49:25,42.35,-114.64,39.2,55,90,23.04
475,Kungur,RU,2020-10-25 03:49:26,57.44,56.96,33.42,93,68,9.53
476,Hervey Bay,AU,2020-10-25 03:49:26,-25.3,152.85,80.6,65,40,18.34
477,Turayf,SA,2020-10-25 03:49:26,31.67,38.66,57.2,33,0,5.82
478,Amapa,BR,2020-10-25 03:49:26,1.0,-52.0,71.64,96,31,2.55
479,Egvekinot,RU,2020-10-25 03:49:26,66.32,-179.17,22.37,96,8,6.2
480,Suntar,RU,2020-10-25 03:49:27,62.14,117.63,30.49,95,96,2.46
481,Coquimbo,CL,2020-10-25 03:48:47,-29.95,-71.34,55.4,82,5,4.7
482,Neuquen,AR,2020-10-25 03:45:32,-38.95,-68.06,60.8,41,0,13.87
483,Kelso,US,2020-10-25 03:48:50,46.15,-122.91,46.4,75,90,1.39
484,New Ulm,US,2020-10-25 03:49:27,44.31,-94.46,28.4,68,90,3.36
485,Padang,ID,2020-10-25 03:49:27,-0.95,100.35,82.96,68,69,3.27
486,Swift Current,CA,2020-10-25 03:45:08,50.28,-107.8,14.0,85,90,9.17
487,Gualdo Tadino,IT,2020-10-25 03:49:28,43.23,12.78,53.01,97,100,4.05
488,Padre Paraiso,BR,2020-10-25 03:49:28,-17.07,-41.48,66.2,97,100,1.19
489,Powell,US,2020-10-25 03:49:28,40.16,-83.08,44.01,75,1,6.93
490,Puri,IN,2020-10-25 03:49:28,19.8,85.85,80.6,88,20,4.7
491,Gillette,US,2020-10-25 03:49:28,44.29,-105.5,14.0,85,90,17.22
492,Pochutla,MX,2020-10-25 03:49:28,15.74,-96.47,79.0,89,68,3.31
493,Krasnyy Oktyabr,RU,2020-10-25 03:49:29,56.12,38.88,38.89,91,100,2.98
494,Chadan,RU,2020-10-25 03:49:29,51.28,91.58,27.3,72,2,4.38
495,Ambalavao,MG,2020-10-25 03:49:29,-21.83,46.93,63.72,70,69,4.32
496,Carroll,US,2020-10-25 03:49:29,39.55,-77.02,53.6,66,40,3.36
497,Horki,BY,2020-10-25 03:49:29,54.29,30.98,44.49,95,97,9.15
498,Varzea Da Palma,BR,2020-10-25 03:49:29,-17.6,-44.73,67.59,93,97,0.56
499,Pyinmana,MM,2020-10-25 03:49:30,19.73,96.22,83.12,74,89,3.11
500,Seoul,KR,2020-10-25 03:46:26,37.57,126.98,64.4,45,20,6.64
501,Goderich,CA,2020-10-25 03:49:30,43.75,-81.72,39.0,85,92,6.73
502,Vibo Valentia,IT,2020-10-25 03:49:30,38.7,16.13,66.2,72,28,10.29
503,Melilla,ES,2020-10-25 03:49:11,35.29,-2.94,62.6,55,0,4.61
504,Pizarro,CO,2020-10-25 03:49:30,4.95,-77.37,76.21,89,100,2.98
505,Dzhebariki-Khaya,RU,2020-10-25 03:49:31,62.22,135.8,19.78,88,0,2.71
506,Aswan,EG,2020-10-25 03:49:31,24.09,32.91,69.71,37,0,12.75
507,La Macarena,CO,2020-10-25 03:49:31,2.18,-73.78,73.31,91,2,2.98
508,Montepuez,MZ,2020-10-25 03:49:31,-13.13,39.0,72.64,78,18,2.13
509,Bichena,ET,2020-10-25 03:49:31,10.45,38.2,51.4,71,10,2.64
510,Jinchang,CN,2020-10-25 03:49:32,38.5,102.17,51.26,42,89,11.03
511,Avera,US,2020-10-25 03:49:32,33.19,-82.53,70.0,90,90,3.36
512,Marquette,US,2020-10-25 03:49:32,46.53,-87.63,30.0,89,100,5.7
513,Uruzgan,AF,2020-10-25 03:49:32,32.83,66.0,48.31,40,0,7.83
514,Haicheng,CN,2020-10-25 03:49:32,40.85,122.75,65.75,32,52,9.84
515,Buala,SB,2020-10-25 03:49:32,-8.14,159.59,85.1,70,64,4.27
516,Ayia Marina,GR,2020-10-25 03:49:32,37.75,23.53,66.0,67,100,1.99
517,Ulaangom,MN,2020-10-25 03:49:33,49.98,92.07,32.18,71,4,2.59
518,Lar,IN,2020-10-25 03:49:08,26.2,83.97,80.29,36,0,7.4
519,Panjab,AF,2020-10-25 03:49:33,34.39,67.02,33.13,78,0,4.61
520,Yakeshi,CN,2020-10-25 03:49:33,49.28,120.73,33.15,90,96,2.84
521,Smirnykh,RU,2020-10-25 03:49:33,49.75,142.83,41.92,87,100,9.48
522,Imelda,PH,2020-10-25 03:49:33,7.65,123.95,76.93,87,100,3.15
523,Aykhal,RU,2020-10-25 03:49:34,66.0,111.5,8.6,78,0,8.95
524,Weligama,LK,2020-10-25 03:49:34,5.97,80.42,85.06,66,77,7.94
525,Pacifica,US,2020-10-25 03:44:55,37.61,-122.49,57.99,87,90,5.82
526,Kiama,AU,2020-10-25 03:49:34,-34.68,150.87,59.0,93,100,5.01
527,Kapit,MY,2020-10-25 03:49:34,2.02,112.93,96.3,43,21,1.01
528,Daura,NG,2020-10-25 03:49:34,11.55,11.41,75.52,27,86,9.19
529,Banepa,NP,2020-10-25 03:49:20,27.63,85.52,68.0,68,20,0.96
530,Eldorado,BR,2020-10-25 03:49:35,-23.79,-54.28,71.96,75,1,3.8
531,Shellbrook,CA,2020-10-25 03:49:35,53.22,-106.4,23.0,73,90,8.05
532,Zhangye,CN,2020-10-25 03:49:35,38.93,100.45,47.34,50,96,5.95
533,Atar,MR,2020-10-25 03:46:35,20.52,-13.05,84.09,25,62,9.35
534,Areosa,PT,2020-10-25 03:49:35,41.72,-8.86,64.0,100,90,25.28
535,Stromness,GB,2020-10-25 03:46:13,58.97,-3.3,44.6,81,0,13.87
536,Clearlake,US,2020-10-25 03:46:41,38.96,-122.63,55.0,87,0,3.11
537,Hurricane,US,2020-10-25 03:48:23,37.18,-113.29,66.2,47,1,0.87
538,Kaeo,NZ,2020-10-25 03:49:36,-35.1,173.78,69.01,70,6,7.0
539,Beckley,US,2020-10-25 03:45:37,37.78,-81.19,50.0,100,90,4.7
540,Jalu,LY,2020-10-25 03:49:36,29.03,21.55,60.01,81,0,5.41
541,Funadhoo,MV,2020-10-25 03:49:36,6.15,73.27,83.08,74,93,11.54
542,Sao Joao Da Barra,BR,2020-10-25 03:44:41,-21.64,-41.05,72.5,93,100,15.12
543,Fort Smith,US,2020-10-25 03:49:36,35.39,-94.4,51.8,76,90,5.82
544,Cabatuan,PH,2020-10-25 03:49:36,10.88,122.49,80.51,85,100,1.66
545,Hit,IQ,2020-10-25 03:49:37,33.64,42.83,66.92,25,0,4.92
546,Blackwater,AU,2020-10-25 03:49:37,-23.58,148.88,87.33,40,72,11.01
547,Axim,GH,2020-10-25 03:49:37,4.87,-2.24,77.23,88,58,7.52
548,Lasa,IT,2020-10-25 03:49:37,46.62,10.7,48.99,93,5,2.24
549,Birao,CF,2020-10-25 03:49:37,10.28,22.79,73.08,49,45,0.78
550,Mana,GF,2020-10-25 03:49:37,5.66,-53.78,80.29,82,86,11.14
551,Shasta Lake,US,2020-10-25 03:45:50,40.68,-122.37,62.6,39,1,3.85
552,Koundara,GN,2020-10-25 03:49:37,12.48,-13.3,74.48,68,0,3.91
553,Zyryanovsk,KZ,2020-10-25 03:49:38,49.74,84.27,29.03,84,48,3.8
554,Mamallapuram,IN,2020-10-25 03:49:38,12.63,80.17,86.0,79,40,2.24
555,Muroto,JP,2020-10-25 03:49:38,33.28,134.15,66.2,42,20,6.93
556,Cabedelo,BR,2020-10-25 03:49:38,-6.98,-34.83,75.2,94,20,3.36
557,Palora,EC,2020-10-25 03:49:39,-1.7,-77.93,65.64,92,69,3.44
558,San Jeronimo,PE,2020-10-25 03:49:39,-11.95,-75.28,52.25,68,58,0.74
559,Seda,LV,2020-10-25 03:49:39,57.65,25.75,45.0,92,70,1.99
560,Jetpur,IN,2020-10-25 03:49:39,21.73,70.62,78.8,69,20,3.36
561,Sorland,NO,2020-10-25 03:49:39,67.67,12.69,42.24,71,67,26.46
562,Cayenne,GF,2020-10-25 03:45:42,4.93,-52.33,77.0,100,20,8.57
563,Peterhead,GB,2020-10-25 03:49:39,57.51,-1.8,42.8,87,1,13.87
564,Road Town,VG,2020-10-25 03:45:01,18.42,-64.62,82.99,81,65,18.99
565,Emerald,AU,2020-10-25 03:49:40,-23.53,148.17,75.2,64,40,19.46
566,Mnogovershinnyy,RU,2020-10-25 03:49:40,53.94,139.92,37.18,99,100,18.72
